depth,curve,curveName,UWI
390.000,82.478,GR,00/01-01-073-05W5/0
390.250,86.413,GR,00/01-01-073-05W5/0
390.500,90.229,GR,00/01-01-073-05W5/0
390.750,90.944,GR,00/01-01-073-05W5/0
391.000,88.866,GR,00/01-01-073-05W5/0
391.250,82.638,GR,00/01-01-073-05W5/0
391.500,83.345,GR,00/01-01-073-05W5/0
391.750,88.403,GR,00/01-01-073-05W5/0
392.000,91.038,GR,00/01-01-073-05W5/0
392.250,89.579,GR,00/01-01-073-05W5/0
392.500,84.092,GR,00/01-01-073-05W5/0
392.750,78.479,GR,00/01-01-073-05W5/0
393.000,72.249,GR,00/01-01-073-05W5/0
393.250,69.179,GR,00/01-01-073-05W5/0
393.500,67.349,GR,00/01-01-073-05W5/0
393.750,58.390,GR,00/01-01-073-05W5/0
394.000,54.888,GR,00/01-01-073-05W5/0
394.250,61.614,GR,00/01-01-073-05W5/0
394.500,68.592,GR,00/01-01-073-05W5/0
394.750,60.065,GR,00/01-01-073-05W5/0
395.000,53.025,GR,00/01-01-073-05W5/0
395.250,64.902,GR,00/01-01-073-05W5/0
395.500,81.805,GR,00/01-01-073-05W5/0
395.750,85.120,GR,00/01-01-073-05W5/0
396.000,76.965,GR,00/01-01-073-05W5/0
396.250,71.476,GR,00/01-01-073-05W5/0
396.500,69.652,GR,00/01-01-073-05W5/0
396.750,68.996,GR,00/01-01-073-05W5/0
397.000,69.709,GR,00/01-01-073-05W5/0
397.250,70.504,GR,00/01-01-073-05W5/0
397.500,70.950,GR,00/01-01-073-05W5/0
397.750,68.689,GR,00/01-01-073-05W5/0
398.000,65.494,GR,00/01-01-073-05W5/0
398.250,61.810,GR,00/01-01-073-05W5/0
398.500,62.210,GR,00/01-01-073-05W5/0
398.750,65.527,GR,00/01-01-073-05W5/0
399.000,70.460,GR,00/01-01-073-05W5/0
399.250,72.472,GR,00/01-01-073-05W5/0
399.500,72.876,GR,00/01-01-073-05W5/0
399.750,69.745,GR,00/01-01-073-05W5/0
400.000,64.755,GR,00/01-01-073-05W5/0
400.250,64.783,GR,00/01-01-073-05W5/0
400.500,65.746,GR,00/01-01-073-05W5/0
400.750,67.389,GR,00/01-01-073-05W5/0
401.000,68.414,GR,00/01-01-073-05W5/0
401.250,69.559,GR,00/01-01-073-05W5/0
401.500,68.475,GR,00/01-01-073-05W5/0
401.750,64.971,GR,00/01-01-073-05W5/0
402.000,61.780,GR,00/01-01-073-05W5/0
402.250,58.398,GR,00/01-01-073-05W5/0
402.500,51.237,GR,00/01-01-073-05W5/0
402.750,45.191,GR,00/01-01-073-05W5/0
403.000,45.474,GR,00/01-01-073-05W5/0
403.250,51.519,GR,00/01-01-073-05W5/0
403.500,57.687,GR,00/01-01-073-05W5/0
403.750,63.922,GR,00/01-01-073-05W5/0
404.000,62.958,GR,00/01-01-073-05W5/0
404.250,56.916,GR,00/01-01-073-05W5/0
404.500,54.898,GR,00/01-01-073-05W5/0
404.750,53.010,GR,00/01-01-073-05W5/0
405.000,51.303,GR,00/01-01-073-05W5/0
405.250,52.635,GR,00/01-01-073-05W5/0
405.500,59.803,GR,00/01-01-073-05W5/0
405.750,64.915,GR,00/01-01-073-05W5/0
406.000,73.006,GR,00/01-01-073-05W5/0
406.250,59.894,GR,00/01-01-073-05W5/0
406.500,53.101,GR,00/01-01-073-05W5/0
406.750,47.489,GR,00/01-01-073-05W5/0
407.000,44.979,GR,00/01-01-073-05W5/0
407.250,49.847,GR,00/01-01-073-05W5/0
407.500,58.563,GR,00/01-01-073-05W5/0
407.750,51.026,GR,00/01-01-073-05W5/0
408.000,44.359,GR,00/01-01-073-05W5/0
408.250,44.021,GR,00/01-01-073-05W5/0
408.500,46.097,GR,00/01-01-073-05W5/0
408.750,53.200,GR,00/01-01-073-05W5/0
409.000,59.119,GR,00/01-01-073-05W5/0
409.250,69.196,GR,00/01-01-073-05W5/0
409.500,73.198,GR,00/01-01-073-05W5/0
409.750,73.786,GR,00/01-01-073-05W5/0
410.000,72.827,GR,00/01-01-073-05W5/0
410.250,68.639,GR,00/01-01-073-05W5/0
410.500,56.950,GR,00/01-01-073-05W5/0
410.750,46.131,GR,00/01-01-073-05W5/0
411.000,38.227,GR,00/01-01-073-05W5/0
411.250,33.108,GR,00/01-01-073-05W5/0
411.500,38.535,GR,00/01-01-073-05W5/0
411.750,47.499,GR,00/01-01-073-05W5/0
412.000,56.952,GR,00/01-01-073-05W5/0
412.250,74.906,GR,00/01-01-073-05W5/0
412.500,81.757,GR,00/01-01-073-05W5/0
412.750,87.990,GR,00/01-01-073-05W5/0
413.000,96.765,GR,00/01-01-073-05W5/0
413.250,90.659,GR,00/01-01-073-05W5/0
413.500,88.705,GR,00/01-01-073-05W5/0
413.750,86.381,GR,00/01-01-073-05W5/0
414.000,78.131,GR,00/01-01-073-05W5/0
414.250,78.131,GR,00/01-01-073-05W5/0
414.500,76.861,GR,00/01-01-073-05W5/0
414.750,65.360,GR,00/01-01-073-05W5/0
415.000,53.732,GR,00/01-01-073-05W5/0
415.250,37.332,GR,00/01-01-073-05W5/0
415.500,59.934,GR,00/01-01-073-05W5/0
415.750,69.144,GR,00/01-01-073-05W5/0
416.000,67.499,GR,00/01-01-073-05W5/0
416.250,51.655,GR,00/01-01-073-05W5/0
416.500,37.920,GR,00/01-01-073-05W5/0
416.750,32.929,GR,00/01-01-073-05W5/0
417.000,40.160,GR,00/01-01-073-05W5/0
417.250,49.489,GR,00/01-01-073-05W5/0
417.500,61.672,GR,00/01-01-073-05W5/0
417.750,70.198,GR,00/01-01-073-05W5/0
418.000,82.883,GR,00/01-01-073-05W5/0
418.250,77.207,GR,00/01-01-073-05W5/0
418.500,70.293,GR,00/01-01-073-05W5/0
418.750,66.975,GR,00/01-01-073-05W5/0
419.000,69.053,GR,00/01-01-073-05W5/0
419.250,74.793,GR,00/01-01-073-05W5/0
419.500,81.579,GR,00/01-01-073-05W5/0
419.750,86.821,GR,00/01-01-073-05W5/0
420.000,80.526,GR,00/01-01-073-05W5/0
420.250,74.295,GR,00/01-01-073-05W5/0
420.500,64.963,GR,00/01-01-073-05W5/0
420.750,55.816,GR,00/01-01-073-05W5/0
421.000,59.940,GR,00/01-01-073-05W5/0
421.250,64.005,GR,00/01-01-073-05W5/0
421.500,64.903,GR,00/01-01-073-05W5/0
421.750,67.665,GR,00/01-01-073-05W5/0
422.000,70.483,GR,00/01-01-073-05W5/0
422.250,69.460,GR,00/01-01-073-05W5/0
422.500,69.369,GR,00/01-01-073-05W5/0
422.750,69.588,GR,00/01-01-073-05W5/0
423.000,70.859,GR,00/01-01-073-05W5/0
423.250,69.526,GR,00/01-01-073-05W5/0
423.500,67.323,GR,00/01-01-073-05W5/0
423.750,66.242,GR,00/01-01-073-05W5/0
424.000,66.144,GR,00/01-01-073-05W5/0
424.250,66.113,GR,00/01-01-073-05W5/0
424.500,70.300,GR,00/01-01-073-05W5/0
424.750,73.989,GR,00/01-01-073-05W5/0
425.000,74.826,GR,00/01-01-073-05W5/0
425.250,74.362,GR,00/01-01-073-05W5/0
425.500,72.285,GR,00/01-01-073-05W5/0
425.750,63.882,GR,00/01-01-073-05W5/0
426.000,56.969,GR,00/01-01-073-05W5/0
426.250,55.950,GR,00/01-01-073-05W5/0
426.500,55.295,GR,00/01-01-073-05W5/0
426.750,54.147,GR,00/01-01-073-05W5/0
427.000,54.552,GR,00/01-01-073-05W5/0
427.250,55.701,GR,00/01-01-073-05W5/0
427.500,56.475,GR,00/01-01-073-05W5/0
427.750,58.368,GR,00/01-01-073-05W5/0
428.000,58.833,GR,00/01-01-073-05W5/0
428.250,58.868,GR,00/01-01-073-05W5/0
428.500,59.949,GR,00/01-01-073-05W5/0
428.750,58.801,GR,00/01-01-073-05W5/0
429.000,58.274,GR,00/01-01-073-05W5/0
429.250,58.805,GR,00/01-01-073-05W5/0
429.500,59.578,GR,00/01-01-073-05W5/0
429.750,60.726,GR,00/01-01-073-05W5/0
430.000,60.631,GR,00/01-01-073-05W5/0
430.250,60.105,GR,00/01-01-073-05W5/0
430.500,58.279,GR,00/01-01-073-05W5/0
430.750,53.906,GR,00/01-01-073-05W5/0
431.000,49.970,GR,00/01-01-073-05W5/0
431.250,50.808,GR,00/01-01-073-05W5/0
431.500,54.808,GR,00/01-01-073-05W5/0
431.750,57.193,GR,00/01-01-073-05W5/0
432.000,59.767,GR,00/01-01-073-05W5/0
432.250,62.032,GR,00/01-01-073-05W5/0
432.500,61.815,GR,00/01-01-073-05W5/0
432.750,58.624,GR,00/01-01-073-05W5/0
433.000,57.663,GR,00/01-01-073-05W5/0
433.250,58.375,GR,00/01-01-073-05W5/0
433.500,60.763,GR,00/01-01-073-05W5/0
433.750,63.087,GR,00/01-01-073-05W5/0
434.000,65.102,GR,00/01-01-073-05W5/0
434.250,69.601,GR,00/01-01-073-05W5/0
434.500,73.292,GR,00/01-01-073-05W5/0
434.750,75.055,GR,00/01-01-073-05W5/0
435.000,74.779,GR,00/01-01-073-05W5/0
435.250,74.561,GR,00/01-01-073-05W5/0
435.500,75.708,GR,00/01-01-073-05W5/0
435.750,77.722,GR,00/01-01-073-05W5/0
436.000,80.049,GR,00/01-01-073-05W5/0
436.250,76.175,GR,00/01-01-073-05W5/0
436.500,67.153,GR,00/01-01-073-05W5/0
436.750,60.052,GR,00/01-01-073-05W5/0
437.000,52.393,GR,00/01-01-073-05W5/0
437.250,45.416,GR,00/01-01-073-05W5/0
437.500,43.775,GR,00/01-01-073-05W5/0
437.750,43.805,GR,00/01-01-073-05W5/0
438.000,44.217,GR,00/01-01-073-05W5/0
438.250,45.667,GR,00/01-01-073-05W5/0
438.500,47.372,GR,00/01-01-073-05W5/0
438.750,48.770,GR,00/01-01-073-05W5/0
439.000,49.914,GR,00/01-01-073-05W5/0
439.250,51.807,GR,00/01-01-073-05W5/0
439.500,55.561,GR,00/01-01-073-05W5/0
439.750,60.552,GR,00/01-01-073-05W5/0
440.000,63.123,GR,00/01-01-073-05W5/0
440.250,54.538,GR,00/01-01-073-05W5/0
440.500,48.800,GR,00/01-01-073-05W5/0
440.750,44.122,GR,00/01-01-073-05W5/0
441.000,42.289,GR,00/01-01-073-05W5/0
441.250,49.390,GR,00/01-01-073-05W5/0
441.500,50.107,GR,00/01-01-073-05W5/0
441.750,48.092,GR,00/01-01-073-05W5/0
442.000,46.638,GR,00/01-01-073-05W5/0
442.250,45.550,GR,00/01-01-073-05W5/0
442.500,41.860,GR,00/01-01-073-05W5/0
442.750,42.947,GR,00/01-01-073-05W5/0
443.000,45.082,GR,00/01-01-073-05W5/0
443.250,48.958,GR,00/01-01-073-05W5/0
443.500,49.672,GR,00/01-01-073-05W5/0
443.750,43.878,GR,00/01-01-073-05W5/0
444.000,43.781,GR,00/01-01-073-05W5/0
444.250,46.917,GR,00/01-01-073-05W5/0
444.500,47.942,GR,00/01-01-073-05W5/0
444.750,44.433,GR,00/01-01-073-05W5/0
445.000,44.157,GR,00/01-01-073-05W5/0
445.250,47.286,GR,00/01-01-073-05W5/0
445.500,50.852,GR,00/01-01-073-05W5/0
445.750,46.920,GR,00/01-01-073-05W5/0
446.000,45.340,GR,00/01-01-073-05W5/0
446.250,47.167,GR,00/01-01-073-05W5/0
446.500,50.791,GR,00/01-01-073-05W5/0
446.750,45.802,GR,00/01-01-073-05W5/0
447.000,43.232,GR,00/01-01-073-05W5/0
447.250,42.949,GR,00/01-01-073-05W5/0
447.500,44.849,GR,00/01-01-073-05W5/0
447.750,46.173,GR,00/01-01-073-05W5/0
448.000,48.809,GR,00/01-01-073-05W5/0
448.250,49.460,GR,00/01-01-073-05W5/0
448.500,45.832,GR,00/01-01-073-05W5/0
448.750,42.269,GR,00/01-01-073-05W5/0
449.000,45.215,GR,00/01-01-073-05W5/0
449.250,48.099,GR,00/01-01-073-05W5/0
449.500,46.578,GR,00/01-01-073-05W5/0
449.750,45.248,GR,00/01-01-073-05W5/0
450.000,44.846,GR,00/01-01-073-05W5/0
450.250,45.685,GR,00/01-01-073-05W5/0
450.500,46.086,GR,00/01-01-073-05W5/0
450.750,46.303,GR,00/01-01-073-05W5/0
451.000,46.644,GR,00/01-01-073-05W5/0
451.250,48.352,GR,00/01-01-073-05W5/0
451.500,47.699,GR,00/01-01-073-05W5/0
451.750,47.609,GR,00/01-01-073-05W5/0
452.000,48.760,GR,00/01-01-073-05W5/0
452.250,50.024,GR,00/01-01-073-05W5/0
452.500,51.852,GR,00/01-01-073-05W5/0
452.750,54.242,GR,00/01-01-073-05W5/0
453.000,58.736,GR,00/01-01-073-05W5/0
453.250,54.241,GR,00/01-01-073-05W5/0
453.500,51.606,GR,00/01-01-073-05W5/0
453.750,49.224,GR,00/01-01-073-05W5/0
454.000,47.391,GR,00/01-01-073-05W5/0
454.250,45.065,GR,00/01-01-073-05W5/0
454.500,46.835,GR,00/01-01-073-05W5/0
454.750,49.406,GR,00/01-01-073-05W5/0
455.000,50.865,GR,00/01-01-073-05W5/0
455.250,51.085,GR,00/01-01-073-05W5/0
455.500,51.553,GR,00/01-01-073-05W5/0
455.750,52.383,GR,00/01-01-073-05W5/0
456.000,53.221,GR,00/01-01-073-05W5/0
456.250,51.706,GR,00/01-01-073-05W5/0
456.500,50.682,GR,00/01-01-073-05W5/0
456.750,49.658,GR,00/01-01-073-05W5/0
457.000,55.952,GR,00/01-01-073-05W5/0
457.250,62.062,GR,00/01-01-073-05W5/0
457.500,68.664,GR,00/01-01-073-05W5/0
457.750,75.208,GR,00/01-01-073-05W5/0
458.000,79.208,GR,00/01-01-073-05W5/0
458.250,81.600,GR,00/01-01-073-05W5/0
458.500,82.555,GR,00/01-01-073-05W5/0
458.750,83.643,GR,00/01-01-073-05W5/0
459.000,81.132,GR,00/01-01-073-05W5/0
459.250,74.463,GR,00/01-01-073-05W5/0
459.500,68.481,GR,00/01-01-073-05W5/0
459.750,61.755,GR,00/01-01-073-05W5/0
460.000,56.699,GR,00/01-01-073-05W5/0
460.250,55.987,GR,00/01-01-073-05W5/0
460.500,56.453,GR,00/01-01-073-05W5/0
460.750,56.729,GR,00/01-01-073-05W5/0
461.000,54.343,GR,00/01-01-073-05W5/0
461.250,54.808,GR,00/01-01-073-05W5/0
461.500,56.143,GR,00/01-01-073-05W5/0
461.750,55.987,GR,00/01-01-073-05W5/0
462.000,55.715,GR,00/01-01-073-05W5/0
462.250,56.489,GR,00/01-01-073-05W5/0
462.500,57.514,GR,00/01-01-073-05W5/0
462.750,58.905,GR,00/01-01-073-05W5/0
463.000,63.711,GR,00/01-01-073-05W5/0
463.250,65.605,GR,00/01-01-073-05W5/0
463.500,64.147,GR,00/01-01-073-05W5/0
463.750,61.759,GR,00/01-01-073-05W5/0
464.000,58.195,GR,00/01-01-073-05W5/0
464.250,55.498,GR,00/01-01-073-05W5/0
464.500,57.262,GR,00/01-01-073-05W5/0
464.750,59.526,GR,00/01-01-073-05W5/0
465.000,59.742,GR,00/01-01-073-05W5/0
465.250,57.294,GR,00/01-01-073-05W5/0
465.500,56.457,GR,00/01-01-073-05W5/0
465.750,55.933,GR,00/01-01-073-05W5/0
466.000,52.736,GR,00/01-01-073-05W5/0
466.250,46.752,GR,00/01-01-073-05W5/0
466.500,41.762,GR,00/01-01-073-05W5/0
466.750,38.693,GR,00/01-01-073-05W5/0
467.000,43.807,GR,00/01-01-073-05W5/0
467.250,50.477,GR,00/01-01-073-05W5/0
467.500,54.910,GR,00/01-01-073-05W5/0
467.750,54.011,GR,00/01-01-073-05W5/0
468.000,53.736,GR,00/01-01-073-05W5/0
468.250,54.444,GR,00/01-01-073-05W5/0
468.500,55.289,GR,00/01-01-073-05W5/0
468.750,55.441,GR,00/01-01-073-05W5/0
469.000,55.779,GR,00/01-01-073-05W5/0
469.250,56.368,GR,00/01-01-073-05W5/0
469.500,56.956,GR,00/01-01-073-05W5/0
469.750,56.496,GR,00/01-01-073-05W5/0
470.000,54.358,GR,00/01-01-073-05W5/0
470.250,47.563,GR,00/01-01-073-05W5/0
470.500,45.054,GR,00/01-01-073-05W5/0
470.750,46.261,GR,00/01-01-073-05W5/0
471.000,47.285,GR,00/01-01-073-05W5/0
471.250,47.565,GR,00/01-01-073-05W5/0
471.500,50.079,GR,00/01-01-073-05W5/0
471.750,52.775,GR,00/01-01-073-05W5/0
472.000,56.156,GR,00/01-01-073-05W5/0
472.250,49.118,GR,00/01-01-073-05W5/0
472.500,44.934,GR,00/01-01-073-05W5/0
472.750,46.513,GR,00/01-01-073-05W5/0
473.000,57.333,GR,00/01-01-073-05W5/0
473.250,63.442,GR,00/01-01-073-05W5/0
473.500,62.358,GR,00/01-01-073-05W5/0
473.750,62.201,GR,00/01-01-073-05W5/0
474.000,63.412,GR,00/01-01-073-05W5/0
474.250,63.940,GR,00/01-01-073-05W5/0
474.500,65.148,GR,00/01-01-073-05W5/0
474.750,67.536,GR,00/01-01-073-05W5/0
475.000,69.430,GR,00/01-01-073-05W5/0
475.250,65.180,GR,00/01-01-073-05W5/0
475.500,62.734,GR,00/01-01-073-05W5/0
475.750,66.425,GR,00/01-01-073-05W5/0
476.000,70.794,GR,00/01-01-073-05W5/0
476.250,72.066,GR,00/01-01-073-05W5/0
476.500,74.141,GR,00/01-01-073-05W5/0
476.750,74.111,GR,00/01-01-073-05W5/0
477.000,68.003,GR,00/01-01-073-05W5/0
477.250,65.058,GR,00/01-01-073-05W5/0
477.500,68.997,GR,00/01-01-073-05W5/0
477.750,65.742,GR,00/01-01-073-05W5/0
478.000,62.423,GR,00/01-01-073-05W5/0
478.250,63.513,GR,00/01-01-073-05W5/0
478.500,66.269,GR,00/01-01-073-05W5/0
478.750,73.557,GR,00/01-01-073-05W5/0
479.000,73.959,GR,00/01-01-073-05W5/0
479.250,69.220,GR,00/01-01-073-05W5/0
479.500,65.962,GR,00/01-01-073-05W5/0
479.750,66.612,GR,00/01-01-073-05W5/0
480.000,70.178,GR,00/01-01-073-05W5/0
480.250,72.691,GR,00/01-01-073-05W5/0
480.500,72.288,GR,00/01-01-073-05W5/0
480.750,68.535,GR,00/01-01-073-05W5/0
481.000,63.669,GR,00/01-01-073-05W5/0
481.250,59.110,GR,00/01-01-073-05W5/0
481.500,57.840,GR,00/01-01-073-05W5/0
481.750,56.506,GR,00/01-01-073-05W5/0
482.000,54.925,GR,00/01-01-073-05W5/0
482.250,55.266,GR,00/01-01-073-05W5/0
482.500,56.788,GR,00/01-01-073-05W5/0
482.750,63.018,GR,00/01-01-073-05W5/0
483.000,61.314,GR,00/01-01-073-05W5/0
483.250,56.445,GR,00/01-01-073-05W5/0
483.500,56.913,GR,00/01-01-073-05W5/0
483.750,58.494,GR,00/01-01-073-05W5/0
484.000,57.594,GR,00/01-01-073-05W5/0
484.250,56.758,GR,00/01-01-073-05W5/0
484.500,57.721,GR,00/01-01-073-05W5/0
484.750,60.107,GR,00/01-01-073-05W5/0
485.000,63.610,GR,00/01-01-073-05W5/0
485.250,69.968,GR,00/01-01-073-05W5/0
485.500,64.231,GR,00/01-01-073-05W5/0
485.750,57.812,GR,00/01-01-073-05W5/0
486.000,53.319,GR,00/01-01-073-05W5/0
486.250,53.288,GR,00/01-01-073-05W5/0
486.500,56.853,GR,00/01-01-073-05W5/0
486.750,60.361,GR,00/01-01-073-05W5/0
487.000,60.015,GR,00/01-01-073-05W5/0
487.250,58.437,GR,00/01-01-073-05W5/0
487.500,59.335,GR,00/01-01-073-05W5/0
487.750,61.227,GR,00/01-01-073-05W5/0
488.000,57.662,GR,00/01-01-073-05W5/0
488.250,58.687,GR,00/01-01-073-05W5/0
488.500,63.058,GR,00/01-01-073-05W5/0
488.750,68.172,GR,00/01-01-073-05W5/0
489.000,65.601,GR,00/01-01-073-05W5/0
489.250,59.182,GR,00/01-01-073-05W5/0
489.500,56.982,GR,00/01-01-073-05W5/0
489.750,56.334,GR,00/01-01-073-05W5/0
490.000,55.932,GR,00/01-01-073-05W5/0
490.250,56.579,GR,00/01-01-073-05W5/0
490.500,61.077,GR,00/01-01-073-05W5/0
490.750,71.523,GR,00/01-01-073-05W5/0
491.000,64.114,GR,00/01-01-073-05W5/0
491.250,61.788,GR,00/01-01-073-05W5/0
491.500,64.237,GR,00/01-01-073-05W5/0
491.750,67.249,GR,00/01-01-073-05W5/0
492.000,65.788,GR,00/01-01-073-05W5/0
492.250,58.752,GR,00/01-01-073-05W5/0
492.500,60.085,GR,00/01-01-073-05W5/0
492.750,69.745,GR,00/01-01-073-05W5/0
493.000,65.854,GR,00/01-01-073-05W5/0
493.250,65.086,GR,00/01-01-073-05W5/0
493.500,65.793,GR,00/01-01-073-05W5/0
493.750,67.747,GR,00/01-01-073-05W5/0
494.000,69.698,GR,00/01-01-073-05W5/0
494.250,70.417,GR,00/01-01-073-05W5/0
494.500,70.442,GR,00/01-01-073-05W5/0
494.750,69.797,GR,00/01-01-073-05W5/0
495.000,68.335,GR,00/01-01-073-05W5/0
495.250,65.514,GR,00/01-01-073-05W5/0
495.500,64.614,GR,00/01-01-073-05W5/0
495.750,68.245,GR,00/01-01-073-05W5/0
496.000,70.444,GR,00/01-01-073-05W5/0
496.250,70.165,GR,00/01-01-073-05W5/0
496.500,68.524,GR,00/01-01-073-05W5/0
496.750,66.325,GR,00/01-01-073-05W5/0
497.000,64.494,GR,00/01-01-073-05W5/0
497.250,63.035,GR,00/01-01-073-05W5/0
497.500,64.494,GR,00/01-01-073-05W5/0
497.750,67.134,GR,00/01-01-073-05W5/0
498.000,70.697,GR,00/01-01-073-05W5/0
498.250,71.966,GR,00/01-01-073-05W5/0
498.500,70.698,GR,00/01-01-073-05W5/0
498.750,65.951,GR,00/01-01-073-05W5/0
499.000,68.217,GR,00/01-01-073-05W5/0
499.250,68.746,GR,00/01-01-073-05W5/0
499.500,69.150,GR,00/01-01-073-05W5/0
499.750,70.918,GR,00/01-01-073-05W5/0
500.000,72.186,GR,00/01-01-073-05W5/0
500.250,72.157,GR,00/01-01-073-05W5/0
500.500,72.186,GR,00/01-01-073-05W5/0
500.750,72.589,GR,00/01-01-073-05W5/0
501.000,72.558,GR,00/01-01-073-05W5/0
501.250,71.785,GR,00/01-01-073-05W5/0
501.500,71.013,GR,00/01-01-073-05W5/0
501.750,70.234,GR,00/01-01-073-05W5/0
502.000,69.091,GR,00/01-01-073-05W5/0
502.250,67.077,GR,00/01-01-073-05W5/0
502.500,64.815,GR,00/01-01-073-05W5/0
502.750,63.041,GR,00/01-01-073-05W5/0
503.000,60.597,GR,00/01-01-073-05W5/0
503.250,59.390,GR,00/01-01-073-05W5/0
503.500,58.861,GR,00/01-01-073-05W5/0
503.750,58.395,GR,00/01-01-073-05W5/0
504.000,58.487,GR,00/01-01-073-05W5/0
504.250,59.208,GR,00/01-01-073-05W5/0
504.500,60.593,GR,00/01-01-073-05W5/0
504.750,63.540,GR,00/01-01-073-05W5/0
505.000,65.934,GR,00/01-01-073-05W5/0
505.250,66.088,GR,00/01-01-073-05W5/0
505.500,66.920,GR,00/01-01-073-05W5/0
505.750,69.311,GR,00/01-01-073-05W5/0
506.000,71.389,GR,00/01-01-073-05W5/0
506.250,72.534,GR,00/01-01-073-05W5/0
506.500,73.311,GR,00/01-01-073-05W5/0
506.750,73.535,GR,00/01-01-073-05W5/0
507.000,73.374,GR,00/01-01-073-05W5/0
507.250,71.667,GR,00/01-01-073-05W5/0
507.500,68.600,GR,00/01-01-073-05W5/0
507.750,64.040,GR,00/01-01-073-05W5/0
508.000,58.182,GR,00/01-01-073-05W5/0
508.250,56.600,GR,00/01-01-073-05W5/0
508.500,54.277,GR,00/01-01-073-05W5/0
508.750,53.439,GR,00/01-01-073-05W5/0
509.000,54.772,GR,00/01-01-073-05W5/0
509.250,56.603,GR,00/01-01-073-05W5/0
509.500,55.887,GR,00/01-01-073-05W5/0
509.750,53.439,GR,00/01-01-073-05W5/0
510.000,51.860,GR,00/01-01-073-05W5/0
510.250,52.758,GR,00/01-01-073-05W5/0
510.500,54.089,GR,00/01-01-073-05W5/0
510.750,56.108,GR,00/01-01-073-05W5/0
511.000,57.382,GR,00/01-01-073-05W5/0
511.250,58.157,GR,00/01-01-073-05W5/0
511.500,58.556,GR,00/01-01-073-05W5/0
511.750,58.967,GR,00/01-01-073-05W5/0
512.000,59.176,GR,00/01-01-073-05W5/0
512.250,59.208,GR,00/01-01-073-05W5/0
512.500,58.744,GR,00/01-01-073-05W5/0
512.750,57.476,GR,00/01-01-073-05W5/0
513.000,56.200,GR,00/01-01-073-05W5/0
513.250,55.987,GR,00/01-01-073-05W5/0
513.500,57.566,GR,00/01-01-073-05W5/0
513.750,56.295,GR,00/01-01-073-05W5/0
514.000,51.179,GR,00/01-01-073-05W5/0
514.250,52.141,GR,00/01-01-073-05W5/0
514.500,54.097,GR,00/01-01-073-05W5/0
514.750,55.429,GR,00/01-01-073-05W5/0
515.000,55.834,GR,00/01-01-073-05W5/0
515.250,56.180,GR,00/01-01-073-05W5/0
515.500,56.700,GR,00/01-01-073-05W5/0
515.750,57.849,GR,00/01-01-073-05W5/0
516.000,58.129,GR,00/01-01-073-05W5/0
516.250,57.913,GR,00/01-01-073-05W5/0
516.500,55.089,GR,00/01-01-073-05W5/0
516.750,49.849,GR,00/01-01-073-05W5/0
517.000,51.746,GR,00/01-01-073-05W5/0
517.250,53.015,GR,00/01-01-073-05W5/0
517.500,49.884,GR,00/01-01-073-05W5/0
517.750,48.052,GR,00/01-01-073-05W5/0
518.000,51.060,GR,00/01-01-073-05W5/0
518.250,53.822,GR,00/01-01-073-05W5/0
518.500,55.404,GR,00/01-01-073-05W5/0
518.750,55.374,GR,00/01-01-073-05W5/0
519.000,54.041,GR,00/01-01-073-05W5/0
519.250,52.086,GR,00/01-01-073-05W5/0
519.500,48.955,GR,00/01-01-073-05W5/0
519.750,49.173,GR,00/01-01-073-05W5/0
520.000,51.558,GR,00/01-01-073-05W5/0
520.250,51.280,GR,00/01-01-073-05W5/0
520.500,50.632,GR,00/01-01-073-05W5/0
520.750,51.097,GR,00/01-01-073-05W5/0
521.000,54.292,GR,00/01-01-073-05W5/0
521.250,60.087,GR,00/01-01-073-05W5/0
521.500,59.002,GR,00/01-01-073-05W5/0
521.750,55.747,GR,00/01-01-073-05W5/0
522.000,51.065,GR,00/01-01-073-05W5/0
522.250,51.035,GR,00/01-01-073-05W5/0
522.500,52.120,GR,00/01-01-073-05W5/0
522.750,55.561,GR,00/01-01-073-05W5/0
523.000,55.469,GR,00/01-01-073-05W5/0
523.250,52.154,GR,00/01-01-073-05W5/0
523.500,51.502,GR,00/01-01-073-05W5/0
523.750,53.455,GR,00/01-01-073-05W5/0
524.000,57.085,GR,00/01-01-073-05W5/0
524.250,62.322,GR,00/01-01-073-05W5/0
524.500,65.767,GR,00/01-01-073-05W5/0
524.750,64.743,GR,00/01-01-073-05W5/0
525.000,71.159,GR,00/01-01-073-05W5/0
525.250,72.681,GR,00/01-01-073-05W5/0
525.500,71.038,GR,00/01-01-073-05W5/0
525.750,67.471,GR,00/01-01-073-05W5/0
526.000,59.750,GR,00/01-01-073-05W5/0
526.250,59.537,GR,00/01-01-073-05W5/0
526.500,61.364,GR,00/01-01-073-05W5/0
526.750,61.830,GR,00/01-01-073-05W5/0
527.000,62.051,GR,00/01-01-073-05W5/0
527.250,62.264,GR,00/01-01-073-05W5/0
527.500,61.612,GR,00/01-01-073-05W5/0
527.750,57.180,GR,00/01-01-073-05W5/0
528.000,57.400,GR,00/01-01-073-05W5/0
528.250,58.608,GR,00/01-01-073-05W5/0
528.500,59.879,GR,00/01-01-073-05W5/0
528.750,61.401,GR,00/01-01-073-05W5/0
529.000,62.857,GR,00/01-01-073-05W5/0
529.250,65.251,GR,00/01-01-073-05W5/0
529.500,67.323,GR,00/01-01-073-05W5/0
529.750,69.025,GR,00/01-01-073-05W5/0
530.000,65.336,GR,00/01-01-073-05W5/0
530.250,62.515,GR,00/01-01-073-05W5/0
530.500,61.307,GR,00/01-01-073-05W5/0
530.750,64.066,GR,00/01-01-073-05W5/0
531.000,68.004,GR,00/01-01-073-05W5/0
531.250,69.524,GR,00/01-01-073-05W5/0
531.500,64.845,GR,00/01-01-073-05W5/0
531.750,60.286,GR,00/01-01-073-05W5/0
532.000,61.185,GR,00/01-01-073-05W5/0
532.250,65.310,GR,00/01-01-073-05W5/0
532.500,65.897,GR,00/01-01-073-05W5/0
532.750,61.835,GR,00/01-01-073-05W5/0
533.000,64.907,GR,00/01-01-073-05W5/0
533.250,64.255,GR,00/01-01-073-05W5/0
533.500,61.310,GR,00/01-01-073-05W5/0
533.750,63.637,GR,00/01-01-073-05W5/0
534.000,68.072,GR,00/01-01-073-05W5/0
534.250,62.398,GR,00/01-01-073-05W5/0
534.500,55.114,GR,00/01-01-073-05W5/0
534.750,49.126,GR,00/01-01-073-05W5/0
535.000,61.375,GR,00/01-01-073-05W5/0
535.250,66.924,GR,00/01-01-073-05W5/0
535.500,71.856,GR,00/01-01-073-05W5/0
535.750,71.886,GR,00/01-01-073-05W5/0
536.000,72.231,GR,00/01-01-073-05W5/0
536.250,73.318,GR,00/01-01-073-05W5/0
536.500,74.030,GR,00/01-01-073-05W5/0
536.750,73.995,GR,00/01-01-073-05W5/0
537.000,70.932,GR,00/01-01-073-05W5/0
537.250,68.913,GR,00/01-01-073-05W5/0
537.500,68.511,GR,00/01-01-073-05W5/0
537.750,71.329,GR,00/01-01-073-05W5/0
538.000,74.771,GR,00/01-01-073-05W5/0
538.250,76.415,GR,00/01-01-073-05W5/0
538.500,76.386,GR,00/01-01-073-05W5/0
538.750,76.667,GR,00/01-01-073-05W5/0
539.000,76.201,GR,00/01-01-073-05W5/0
539.250,73.443,GR,00/01-01-073-05W5/0
539.500,69.689,GR,00/01-01-073-05W5/0
539.750,64.701,GR,00/01-01-073-05W5/0
540.000,62.434,GR,00/01-01-073-05W5/0
540.250,66.560,GR,00/01-01-073-05W5/0
540.500,71.053,GR,00/01-01-073-05W5/0
540.750,72.758,GR,00/01-01-073-05W5/0
541.000,68.388,GR,00/01-01-073-05W5/0
541.250,63.025,GR,00/01-01-073-05W5/0
541.500,66.716,GR,00/01-01-073-05W5/0
541.750,70.218,GR,00/01-01-073-05W5/0
542.000,72.117,GR,00/01-01-073-05W5/0
542.250,72.642,GR,00/01-01-073-05W5/0
542.500,72.608,GR,00/01-01-073-05W5/0
542.750,71.337,GR,00/01-01-073-05W5/0
543.000,72.919,GR,00/01-01-073-05W5/0
543.250,76.114,GR,00/01-01-073-05W5/0
543.500,76.703,GR,00/01-01-073-05W5/0
543.750,74.193,GR,00/01-01-073-05W5/0
544.000,72.242,GR,00/01-01-073-05W5/0
544.250,71.713,GR,00/01-01-073-05W5/0
544.500,71.307,GR,00/01-01-073-05W5/0
544.750,74.252,GR,00/01-01-073-05W5/0
545.000,77.697,GR,00/01-01-073-05W5/0
545.250,77.663,GR,00/01-01-073-05W5/0
545.500,78.935,GR,00/01-01-073-05W5/0
545.750,79.091,GR,00/01-01-073-05W5/0
546.000,74.720,GR,00/01-01-073-05W5/0
546.250,74.068,GR,00/01-01-073-05W5/0
546.500,77.015,GR,00/01-01-073-05W5/0
546.750,79.527,GR,00/01-01-073-05W5/0
547.000,83.277,GR,00/01-01-073-05W5/0
547.250,84.178,GR,00/01-01-073-05W5/0
547.500,80.673,GR,00/01-01-073-05W5/0
547.750,78.224,GR,00/01-01-073-05W5/0
548.000,78.255,GR,00/01-01-073-05W5/0
548.250,80.955,GR,00/01-01-073-05W5/0
548.500,80.059,GR,00/01-01-073-05W5/0
548.750,78.166,GR,00/01-01-073-05W5/0
549.000,76.644,GR,00/01-01-073-05W5/0
549.250,72.771,GR,00/01-01-073-05W5/0
549.500,67.219,GR,00/01-01-073-05W5/0
549.750,61.050,GR,00/01-01-073-05W5/0
550.000,55.811,GR,00/01-01-073-05W5/0
550.250,56.461,GR,00/01-01-073-05W5/0
550.500,66.042,GR,00/01-01-073-05W5/0
550.750,74.882,GR,00/01-01-073-05W5/0
551.000,78.387,GR,00/01-01-073-05W5/0
551.250,81.084,GR,00/01-01-073-05W5/0
551.500,81.732,GR,00/01-01-073-05W5/0
551.750,82.138,GR,00/01-01-073-05W5/0
552.000,79.500,GR,00/01-01-073-05W5/0
552.250,76.121,GR,00/01-01-073-05W5/0
552.500,72.928,GR,00/01-01-073-05W5/0
552.750,72.838,GR,00/01-01-073-05W5/0
553.000,74.667,GR,00/01-01-073-05W5/0
553.250,78.107,GR,00/01-01-073-05W5/0
553.500,80.061,GR,00/01-01-073-05W5/0
553.750,81.332,GR,00/01-01-073-05W5/0
554.000,82.170,GR,00/01-01-073-05W5/0
554.250,81.766,GR,00/01-01-073-05W5/0
554.500,79.255,GR,00/01-01-073-05W5/0
554.750,78.854,GR,00/01-01-073-05W5/0
555.000,80.868,GR,00/01-01-073-05W5/0
555.250,81.023,GR,00/01-01-073-05W5/0
555.500,76.591,GR,00/01-01-073-05W5/0
555.750,75.257,GR,00/01-01-073-05W5/0
556.000,78.016,GR,00/01-01-073-05W5/0
556.250,78.234,GR,00/01-01-073-05W5/0
556.500,74.546,GR,00/01-01-073-05W5/0
556.750,75.817,GR,00/01-01-073-05W5/0
557.000,79.136,GR,00/01-01-073-05W5/0
557.250,76.563,GR,00/01-01-073-05W5/0
557.500,74.237,GR,00/01-01-073-05W5/0
557.750,73.523,GR,00/01-01-073-05W5/0
558.000,73.678,GR,00/01-01-073-05W5/0
558.250,75.322,GR,00/01-01-073-05W5/0
558.500,76.533,GR,00/01-01-073-05W5/0
558.750,72.287,GR,00/01-01-073-05W5/0
559.000,67.417,GR,00/01-01-073-05W5/0
559.250,62.614,GR,00/01-01-073-05W5/0
559.500,57.311,GR,00/01-01-073-05W5/0
559.750,55.418,GR,00/01-01-073-05W5/0
560.000,56.317,GR,00/01-01-073-05W5/0
560.250,55.981,GR,00/01-01-073-05W5/0
560.500,54.768,GR,00/01-01-073-05W5/0
560.750,54.739,GR,00/01-01-073-05W5/0
561.000,53.839,GR,00/01-01-073-05W5/0
561.250,53.312,GR,00/01-01-073-05W5/0
561.500,57.128,GR,00/01-01-073-05W5/0
561.750,60.944,GR,00/01-01-073-05W5/0
562.000,62.211,GR,00/01-01-073-05W5/0
562.250,63.548,GR,00/01-01-073-05W5/0
562.500,64.260,GR,00/01-01-073-05W5/0
562.750,64.788,GR,00/01-01-073-05W5/0
563.000,65.687,GR,00/01-01-073-05W5/0
563.250,67.142,GR,00/01-01-073-05W5/0
563.500,72.694,GR,00/01-01-073-05W5/0
563.750,74.089,GR,00/01-01-073-05W5/0
564.000,71.457,GR,00/01-01-073-05W5/0
564.250,69.687,GR,00/01-01-073-05W5/0
564.500,68.417,GR,00/01-01-073-05W5/0
564.750,67.331,GR,00/01-01-073-05W5/0
565.000,65.317,GR,00/01-01-073-05W5/0
565.250,61.625,GR,00/01-01-073-05W5/0
565.500,56.823,GR,00/01-01-073-05W5/0
565.750,56.730,GR,00/01-01-073-05W5/0
566.000,55.706,GR,00/01-01-073-05W5/0
566.250,53.007,GR,00/01-01-073-05W5/0
566.500,50.682,GR,00/01-01-073-05W5/0
566.750,47.923,GR,00/01-01-073-05W5/0
567.000,49.444,GR,00/01-01-073-05W5/0
567.250,54.065,GR,00/01-01-073-05W5/0
567.500,58.375,GR,00/01-01-073-05W5/0
567.750,61.008,GR,00/01-01-073-05W5/0
568.000,57.446,GR,00/01-01-073-05W5/0
568.250,54.192,GR,00/01-01-073-05W5/0
568.500,58.063,GR,00/01-01-073-05W5/0
568.750,58.777,GR,00/01-01-073-05W5/0
569.000,56.769,GR,00/01-01-073-05W5/0
569.250,56.112,GR,00/01-01-073-05W5/0
569.500,56.638,GR,00/01-01-073-05W5/0
569.750,57.106,GR,00/01-01-073-05W5/0
570.000,57.879,GR,00/01-01-073-05W5/0
570.250,56.485,GR,00/01-01-073-05W5/0
570.500,54.967,GR,00/01-01-073-05W5/0
570.750,54.377,GR,00/01-01-073-05W5/0
571.000,55.465,GR,00/01-01-073-05W5/0
571.250,58.843,GR,00/01-01-073-05W5/0
571.500,66.686,GR,00/01-01-073-05W5/0
571.750,61.077,GR,00/01-01-073-05W5/0
572.000,57.695,GR,00/01-01-073-05W5/0
572.250,58.787,GR,00/01-01-073-05W5/0
572.500,60.305,GR,00/01-01-073-05W5/0
572.750,60.705,GR,00/01-01-073-05W5/0
573.000,60.550,GR,00/01-01-073-05W5/0
573.250,60.151,GR,00/01-01-073-05W5/0
573.500,59.683,GR,00/01-01-073-05W5/0
573.750,59.159,GR,00/01-01-073-05W5/0
574.000,57.822,GR,00/01-01-073-05W5/0
574.250,52.584,GR,00/01-01-073-05W5/0
574.500,52.056,GR,00/01-01-073-05W5/0
574.750,57.049,GR,00/01-01-073-05W5/0
575.000,61.854,GR,00/01-01-073-05W5/0
575.250,62.444,GR,00/01-01-073-05W5/0
575.500,60.059,GR,00/01-01-073-05W5/0
575.750,58.043,GR,00/01-01-073-05W5/0
576.000,56.586,GR,00/01-01-073-05W5/0
576.250,54.945,GR,00/01-01-073-05W5/0
576.500,54.352,GR,00/01-01-073-05W5/0
576.750,54.882,GR,00/01-01-073-05W5/0
577.000,56.030,GR,00/01-01-073-05W5/0
577.250,57.303,GR,00/01-01-073-05W5/0
577.500,57.827,GR,00/01-01-073-05W5/0
577.750,56.555,GR,00/01-01-073-05W5/0
578.000,52.556,GR,00/01-01-073-05W5/0
578.250,53.950,GR,00/01-01-073-05W5/0
578.500,55.225,GR,00/01-01-073-05W5/0
578.750,55.998,GR,00/01-01-073-05W5/0
579.000,56.528,GR,00/01-01-073-05W5/0
579.250,56.313,GR,00/01-01-073-05W5/0
579.500,56.530,GR,00/01-01-073-05W5/0
579.750,60.467,GR,00/01-01-073-05W5/0
580.000,64.590,GR,00/01-01-073-05W5/0
580.250,64.620,GR,00/01-01-073-05W5/0
580.500,60.869,GR,00/01-01-073-05W5/0
580.750,59.475,GR,00/01-01-073-05W5/0
581.000,63.667,GR,00/01-01-073-05W5/0
581.250,67.787,GR,00/01-01-073-05W5/0
581.500,72.651,GR,00/01-01-073-05W5/0
581.750,78.081,GR,00/01-01-073-05W5/0
582.000,79.909,GR,00/01-01-073-05W5/0
582.250,80.807,GR,00/01-01-073-05W5/0
582.500,81.709,GR,00/01-01-073-05W5/0
582.750,82.798,GR,00/01-01-073-05W5/0
583.000,83.507,GR,00/01-01-073-05W5/0
583.250,83.040,GR,00/01-01-073-05W5/0
583.500,78.483,GR,00/01-01-073-05W5/0
583.750,75.352,GR,00/01-01-073-05W5/0
584.000,72.472,GR,00/01-01-073-05W5/0
584.250,70.083,GR,00/01-01-073-05W5/0
584.500,67.384,GR,00/01-01-073-05W5/0
584.750,66.609,GR,00/01-01-073-05W5/0
585.000,70.858,GR,00/01-01-073-05W5/0
585.250,74.797,GR,00/01-01-073-05W5/0
585.500,77.557,GR,00/01-01-073-05W5/0
585.750,76.100,GR,00/01-01-073-05W5/0
586.000,74.207,GR,00/01-01-073-05W5/0
586.250,71.760,GR,00/01-01-073-05W5/0
586.500,68.254,GR,00/01-01-073-05W5/0
586.750,68.412,GR,00/01-01-073-05W5/0
587.000,71.480,GR,00/01-01-073-05W5/0
587.250,74.302,GR,00/01-01-073-05W5/0
587.500,76.069,GR,00/01-01-073-05W5/0
587.750,71.263,GR,00/01-01-073-05W5/0
588.000,71.173,GR,00/01-01-073-05W5/0
588.250,72.628,GR,00/01-01-073-05W5/0
588.500,72.969,GR,00/01-01-073-05W5/0
588.750,73.248,GR,00/01-01-073-05W5/0
589.000,75.080,GR,00/01-01-073-05W5/0
589.250,77.902,GR,00/01-01-073-05W5/0
589.500,76.569,GR,00/01-01-073-05W5/0
589.750,71.637,GR,00/01-01-073-05W5/0
590.000,70.619,GR,00/01-01-073-05W5/0
590.250,71.763,GR,00/01-01-073-05W5/0
590.500,74.837,GR,00/01-01-073-05W5/0
590.750,77.592,GR,00/01-01-073-05W5/0
591.000,81.470,GR,00/01-01-073-05W5/0
591.250,83.177,GR,00/01-01-073-05W5/0
591.500,80.166,GR,00/01-01-073-05W5/0
591.750,73.316,GR,00/01-01-073-05W5/0
592.000,70.927,GR,00/01-01-073-05W5/0
592.250,73.006,GR,00/01-01-073-05W5/0
592.500,77.255,GR,00/01-01-073-05W5/0
592.750,80.634,GR,00/01-01-073-05W5/0
593.000,83.703,GR,00/01-01-073-05W5/0
593.250,88.137,GR,00/01-01-073-05W5/0
593.500,91.703,GR,00/01-01-073-05W5/0
593.750,93.408,GR,00/01-01-073-05W5/0
594.000,85.750,GR,00/01-01-073-05W5/0
594.250,77.535,GR,00/01-01-073-05W5/0
594.500,68.823,GR,00/01-01-073-05W5/0
594.750,62.651,GR,00/01-01-073-05W5/0
595.000,63.117,GR,00/01-01-073-05W5/0
595.250,66.003,GR,00/01-01-073-05W5/0
595.500,67.832,GR,00/01-01-073-05W5/0
595.750,78.466,GR,00/01-01-073-05W5/0
596.000,77.323,GR,00/01-01-073-05W5/0
596.250,68.111,GR,00/01-01-073-05W5/0
596.500,65.544,GR,00/01-01-073-05W5/0
596.750,67.243,GR,00/01-01-073-05W5/0
597.000,69.942,GR,00/01-01-073-05W5/0
597.250,71.959,GR,00/01-01-073-05W5/0
597.500,72.737,GR,00/01-01-073-05W5/0
597.750,73.571,GR,00/01-01-073-05W5/0
598.000,74.096,GR,00/01-01-073-05W5/0
598.250,74.690,GR,00/01-01-073-05W5/0
598.500,74.717,GR,00/01-01-073-05W5/0
598.750,75.182,GR,00/01-01-073-05W5/0
599.000,76.022,GR,00/01-01-073-05W5/0
599.250,77.602,GR,00/01-01-073-05W5/0
599.500,81.913,GR,00/01-01-073-05W5/0
599.750,77.727,GR,00/01-01-073-05W5/0
600.000,77.945,GR,00/01-01-073-05W5/0
600.250,78.712,GR,00/01-01-073-05W5/0
600.500,73.907,GR,00/01-01-073-05W5/0
600.750,71.080,GR,00/01-01-073-05W5/0
601.000,69.931,GR,00/01-01-073-05W5/0
601.250,72.686,GR,00/01-01-073-05W5/0
601.500,77.476,GR,00/01-01-073-05W5/0
601.750,81.341,GR,00/01-01-073-05W5/0
602.000,80.874,GR,00/01-01-073-05W5/0
602.250,77.987,GR,00/01-01-073-05W5/0
602.500,76.710,GR,00/01-01-073-05W5/0
602.750,75.867,GR,00/01-01-073-05W5/0
603.000,73.415,GR,00/01-01-073-05W5/0
603.250,69.224,GR,00/01-01-073-05W5/0
603.500,67.328,GR,00/01-01-073-05W5/0
603.750,71.755,GR,00/01-01-073-05W5/0
604.000,76.612,GR,00/01-01-073-05W5/0
604.250,79.795,GR,00/01-01-073-05W5/0
604.500,82.857,GR,00/01-01-073-05W5/0
604.750,85.980,GR,00/01-01-073-05W5/0
605.000,89.351,GR,00/01-01-073-05W5/0
605.250,89.439,GR,00/01-01-073-05W5/0
605.500,88.532,GR,00/01-01-073-05W5/0
605.750,93.824,GR,00/01-01-073-05W5/0
606.000,90.261,GR,00/01-01-073-05W5/0
606.250,86.811,GR,00/01-01-073-05W5/0
606.500,79.159,GR,00/01-01-073-05W5/0
606.750,68.709,GR,00/01-01-073-05W5/0
607.000,57.457,GR,00/01-01-073-05W5/0
607.250,50.667,GR,00/01-01-073-05W5/0
607.500,46.169,GR,00/01-01-073-05W5/0
607.750,41.485,GR,00/01-01-073-05W5/0
608.000,38.907,GR,00/01-01-073-05W5/0
608.250,48.970,GR,00/01-01-073-05W5/0
608.500,63.865,GR,00/01-01-073-05W5/0
608.750,74.980,GR,00/01-01-073-05W5/0
609.000,77.608,GR,00/01-01-073-05W5/0
609.250,60.284,GR,00/01-01-073-05W5/0
609.500,50.150,GR,00/01-01-073-05W5/0
609.750,43.420,GR,00/01-01-073-05W5/0
610.000,36.322,GR,00/01-01-073-05W5/0
610.250,31.017,GR,00/01-01-073-05W5/0
610.500,27.387,GR,00/01-01-073-05W5/0
610.750,28.898,GR,00/01-01-073-05W5/0
611.000,33.136,GR,00/01-01-073-05W5/0
611.250,35.518,GR,00/01-01-073-05W5/0
611.500,30.895,GR,00/01-01-073-05W5/0
611.750,37.921,GR,00/01-01-073-05W5/0
612.000,53.933,GR,00/01-01-073-05W5/0
612.250,61.827,GR,00/01-01-073-05W5/0
612.500,68.914,GR,00/01-01-073-05W5/0
612.750,65.345,GR,00/01-01-073-05W5/0
613.000,55.890,GR,00/01-01-073-05W5/0
613.250,53.003,GR,00/01-01-073-05W5/0
613.500,52.162,GR,00/01-01-073-05W5/0
613.750,50.389,GR,00/01-01-073-05W5/0
614.000,47.379,GR,00/01-01-073-05W5/0
614.250,48.023,GR,00/01-01-073-05W5/0
614.500,50.466,GR,00/01-01-073-05W5/0
614.750,46.773,GR,00/01-01-073-05W5/0
615.000,47.604,GR,00/01-01-073-05W5/0
615.250,49.425,GR,00/01-01-073-05W5/0
615.500,47.655,GR,00/01-01-073-05W5/0
615.750,47.495,GR,00/01-01-073-05W5/0
616.000,50.802,GR,00/01-01-073-05W5/0
616.250,55.722,GR,00/01-01-073-05W5/0
616.500,59.340,GR,00/01-01-073-05W5/0
616.750,62.031,GR,00/01-01-073-05W5/0
617.000,65.399,GR,00/01-01-073-05W5/0
617.250,71.063,GR,00/01-01-073-05W5/0
617.500,69.416,GR,00/01-01-073-05W5/0
617.750,55.066,GR,00/01-01-073-05W5/0
618.000,44.311,GR,00/01-01-073-05W5/0
618.250,35.105,GR,00/01-01-073-05W5/0
618.500,30.668,GR,00/01-01-073-05W5/0
618.750,32.242,GR,00/01-01-073-05W5/0
619.000,37.161,GR,00/01-01-073-05W5/0
619.250,42.642,GR,00/01-01-073-05W5/0
619.500,48.800,GR,00/01-01-073-05W5/0
619.750,55.703,GR,00/01-01-073-05W5/0
620.000,62.048,GR,00/01-01-073-05W5/0
620.250,67.213,GR,00/01-01-073-05W5/0
620.500,72.938,GR,00/01-01-073-05W5/0
620.750,80.584,GR,00/01-01-073-05W5/0
621.000,61.962,GR,00/01-01-073-05W5/0
621.250,56.471,GR,00/01-01-073-05W5/0
621.500,56.189,GR,00/01-01-073-05W5/0
621.750,61.169,GR,00/01-01-073-05W5/0
622.000,68.380,GR,00/01-01-073-05W5/0
622.250,68.777,GR,00/01-01-073-05W5/0
622.500,61.676,GR,00/01-01-073-05W5/0
622.750,56.002,GR,00/01-01-073-05W5/0
623.000,56.212,GR,00/01-01-073-05W5/0
623.250,49.918,GR,00/01-01-073-05W5/0
623.500,42.326,GR,00/01-01-073-05W5/0
623.750,38.258,GR,00/01-01-073-05W5/0
624.000,38.784,GR,00/01-01-073-05W5/0
624.250,42.711,GR,00/01-01-073-05W5/0
624.500,49.239,GR,00/01-01-073-05W5/0
624.750,57.195,GR,00/01-01-073-05W5/0
625.000,58.396,GR,00/01-01-073-05W5/0
625.250,53.530,GR,00/01-01-073-05W5/0
625.500,49.526,GR,00/01-01-073-05W5/0
625.750,44.904,GR,00/01-01-073-05W5/0
626.000,41.213,GR,00/01-01-073-05W5/0
626.250,38.761,GR,00/01-01-073-05W5/0
626.500,37.295,GR,00/01-01-073-05W5/0
626.750,36.826,GR,00/01-01-073-05W5/0
627.000,38.648,GR,00/01-01-073-05W5/0
627.250,44.249,GR,00/01-01-073-05W5/0
627.500,54.993,GR,00/01-01-073-05W5/0
627.750,63.568,GR,00/01-01-073-05W5/0
628.000,68.982,GR,00/01-01-073-05W5/0
628.250,60.582,GR,00/01-01-073-05W5/0
628.500,51.439,GR,00/01-01-073-05W5/0
628.750,45.328,GR,00/01-01-073-05W5/0
629.000,36.183,GR,00/01-01-073-05W5/0
629.250,27.597,GR,00/01-01-073-05W5/0
629.500,29.670,GR,00/01-01-073-05W5/0
629.750,26.782,GR,00/01-01-073-05W5/0
630.000,22.342,GR,00/01-01-073-05W5/0
630.250,21.997,GR,00/01-01-073-05W5/0
630.500,25.369,GR,00/01-01-073-05W5/0
630.750,36.670,GR,00/01-01-073-05W5/0
631.000,50.821,GR,00/01-01-073-05W5/0
631.250,55.184,GR,00/01-01-073-05W5/0
631.500,40.772,GR,00/01-01-073-05W5/0
631.750,30.761,GR,00/01-01-073-05W5/0
632.000,24.031,GR,00/01-01-073-05W5/0
632.250,26.287,GR,00/01-01-073-05W5/0
632.500,29.720,GR,00/01-01-073-05W5/0
632.750,31.297,GR,00/01-01-073-05W5/0
633.000,32.249,GR,00/01-01-073-05W5/0
633.250,34.009,GR,00/01-01-073-05W5/0
633.500,38.989,GR,00/01-01-073-05W5/0
633.750,45.892,GR,00/01-01-073-05W5/0
634.000,53.290,GR,00/01-01-073-05W5/0
634.250,64.653,GR,00/01-01-073-05W5/0
634.500,66.973,GR,00/01-01-073-05W5/0
634.750,62.475,GR,00/01-01-073-05W5/0
635.000,60.019,GR,00/01-01-073-05W5/0
635.250,61.843,GR,00/01-01-073-05W5/0
635.500,65.216,GR,00/01-01-073-05W5/0
635.750,67.406,GR,00/01-01-073-05W5/0
636.000,68.545,GR,00/01-01-073-05W5/0
636.250,60.827,GR,00/01-01-073-05W5/0
636.500,50.073,GR,00/01-01-073-05W5/0
636.750,39.625,GR,00/01-01-073-05W5/0
637.000,37.605,GR,00/01-01-073-05W5/0
637.250,38.814,GR,00/01-01-073-05W5/0
637.500,38.089,GR,00/01-01-073-05W5/0
637.750,37.127,GR,00/01-01-073-05W5/0
638.000,38.514,GR,00/01-01-073-05W5/0
638.250,41.882,GR,00/01-01-073-05W5/0
638.500,46.989,GR,00/01-01-073-05W5/0
638.750,48.010,GR,00/01-01-073-05W5/0
639.000,46.481,GR,00/01-01-073-05W5/0
639.250,43.718,GR,00/01-01-073-05W5/0
639.500,42.875,GR,00/01-01-073-05W5/0
639.750,41.227,GR,00/01-01-073-05W5/0
640.000,39.148,GR,00/01-01-073-05W5/0
640.250,40.596,GR,00/01-01-073-05W5/0
640.500,44.901,GR,00/01-01-073-05W5/0
640.750,43.312,GR,00/01-01-073-05W5/0
641.000,36.769,GR,00/01-01-073-05W5/0
641.250,33.757,GR,00/01-01-073-05W5/0
641.500,34.526,GR,00/01-01-073-05W5/0
641.750,39.695,GR,00/01-01-073-05W5/0
642.000,38.792,GR,00/01-01-073-05W5/0
642.250,36.893,GR,00/01-01-073-05W5/0
642.500,36.735,GR,00/01-01-073-05W5/0
642.750,36.451,GR,00/01-01-073-05W5/0
643.000,36.287,GR,00/01-01-073-05W5/0
643.250,39.349,GR,00/01-01-073-05W5/0
643.500,44.704,GR,00/01-01-073-05W5/0
643.750,45.471,GR,00/01-01-073-05W5/0
644.000,42.831,GR,00/01-01-073-05W5/0
644.250,39.077,GR,00/01-01-073-05W5/0
644.500,38.421,GR,00/01-01-073-05W5/0
644.750,35.038,GR,00/01-01-073-05W5/0
645.000,29.673,GR,00/01-01-073-05W5/0
645.250,29.823,GR,00/01-01-073-05W5/0
645.500,31.520,GR,00/01-01-073-05W5/0
645.750,31.854,GR,00/01-01-073-05W5/0
646.000,30.642,GR,00/01-01-073-05W5/0
646.250,29.116,GR,00/01-01-073-05W5/0
646.500,28.460,GR,00/01-01-073-05W5/0
646.750,27.370,GR,00/01-01-073-05W5/0
647.000,25.415,GR,00/01-01-073-05W5/0
647.250,23.640,GR,00/01-01-073-05W5/0
647.500,26.889,GR,00/01-01-073-05W5/0
647.750,29.639,GR,00/01-01-073-05W5/0
648.000,31.711,GR,00/01-01-073-05W5/0
648.250,33.344,GR,00/01-01-073-05W5/0
648.500,36.037,GR,00/01-01-073-05W5/0
648.750,38.599,GR,00/01-01-073-05W5/0
649.000,41.662,GR,00/01-01-073-05W5/0
649.250,46.210,GR,00/01-01-073-05W5/0
649.500,51.129,GR,00/01-01-073-05W5/0
649.750,58.340,GR,00/01-01-073-05W5/0
650.000,64.622,GR,00/01-01-073-05W5/0